Координати,Вид кофа,Брой,Състояние,
42.7095845057344,23.3727377490272,1100,1,,
42.7007061337174,23.3564030886956,1100,3,,
42.7108472410616,23.3763542973072,1100,1,,
42.705986537348,23.3565163304957,1100,2,,
42.7062979943538,23.3658009175582,1100,1,ДОБРО,
42.7119066330398,23.3767061899093,1100,2,,
42.7070504337548,23.3559174047333,1100,3,,
42.7130641558996,23.3868759612581,1100,2,,
42.7009883840996,23.3454701565244,1100,1,,
42.7054162027325,23.3566938174388,1100,2,,
42.7020791236737,23.3448725142951,1100,1,,
42.7074502184872,23.3713148912099,1100,2,,
42.6999668448805,23.3562412239867,1100,3,,
42.7143651030345,23.3797964667698,1100,2,,
42.7050914353568,23.343319403248,1100,1,,
42.7033609598611,23.3564531267528,1100,4,,
42.7029518594085,23.3567048382334,1100,2,,
42.7134726514279,23.3747392840529,1100,2,,
42.6979939347683,23.360015795519,1100,2,,
42.7026242609668,23.3568751258206,1100,2,,
42.7004691151897,23.3548809491013,1100,2,,
42.7030024214904,23.3535170113506,1100,2,ДОБРО,
42.7070497173351,23.3702302956743,1100,1,,
42.7024607319852,23.35578490654,1100,2,,
42.7036169439409,23.3432025893519,1100,1,,
42.7145834342846,23.3753556876089,1100,2,,
42.7061963036862,23.3557498678892,1100,2,,
42.712762025277,23.3883676373419,1100,2,,
42.6998398244501,23.3453335302831,1100,1,,
42.7051434742029,23.3555541047981,1100,3,,
42.7016236147008,23.3557937040926,1100,3,,
42.7034255982325,23.3440244558406,1100,1,,
42.7127308874681,23.3764909214626,1100,5,,
42.7066539311873,23.3542505392061,1100,2,,
42.714666598724,23.3770058999799,1100,3,,
42.7056947126113,23.353391013469,1100,2,,
42.7124853014945,23.3867172566865,1100,2,,
42.7057868277725,23.3540874743695,1100,3,,
42.7123215298135,23.3876563647477,1100,1,,
42.7064634940119,23.354330840367,1100,2,,
42.7133803135912,23.3879337580201,1100,2,,
42.7009178811412,23.3421535602183,1100,2,,
42.7046424320732,23.3545268489414,1100,2,,
42.7028111079325,23.3450341420722,1100,1,,
42.6995262216518,23.3537718523119,1100,4,ДОБРО,
42.7083034084524,23.3738755939853,1100,1,,
42.699406956265,23.3572005547001,1100,3,,
42.7110135691332,23.3825747133763,1100,2,,
42.7000974591148,23.357251725365,1100,1,,
42.712539995312,23.3750611761318,1100,2,,
42.7059327128475,23.3573622780324,1100,3,,
42.7013135973979,23.3575419734405,1100,2,,
42.6985900268219,23.3781362460269,110 – СГУРИЯ,1,,
42.7020988237132,23.3474215496253,1100,1,,
42.7007896985649,23.3578565765412,1100,2,,
42.7076115719102,23.3756575911334,1100,1,,
42.7001753536955,23.3601176940863,1100,2,,
42.7082526993542,23.3735097778588,1100,1,,
42.6988591396158,23.3581553300534,1100,2,,
42.7070194663728,23.3373226620239,1100,1,,
42.7110031152553,23.3779565892628,1100,1,,
42.6985987690669,23.3585435998501,1100,1,,
42.7020784056904,23.3464027872312,1100,3,,
42.7119177643638,23.3875749799722,1100,3,,
42.7002250226387,23.3582458308122,1100,3,,
42.7021376495974,23.3543892098813,1100,4,,
42.7132484806185,23.3891047532149,1100,1,,
42.7022045317034,23.3550196314138,1100,2,,
42.706976387506,23.3732163352541,1100,1,,
42.7029849923334,23.3547167848298,1100,3,,
42.6997816802834,23.3485818194788,1100,1,,
42.7072867304457,23.3730338876095,1100,2,,
42.7016087310706,23.35386052766,1100,1,,
42.7094515162395,23.3823395367,1100,2,,
42.7040645733805,23.3362519462455,1100,1,,
42.6988594534789,23.3548296848224,1100,1,ДОБРО,
42.6989668675597,23.3543005821113,1100,2,ДОБРО,
42.7089058427456,23.3870804000242,1100,2,,
42.7018360630962,23.3458668539735,1100,2,,
42.7019468539339,23.3446953485759,1100,2,,
42.7053972069352,23.3424755659933,1100,2,,
42.7130848167106,23.3857833364311,1100,2,,
42.7028301464248,23.346173565325,1100,2,,
42.7133782688334,23.3776831329901,1100,5,,
42.7024275659884,23.3458992372868,1100,2,,
42.6986204667818,23.36621217629,1100,2,,
42.709101168915,23.3664053929652,1100,2,ДОБРО,
42.7021631834861,23.3480614713073,1100,1,,
42.7072443531094,23.3858178504314,1100,2,,
42.7051747729313,23.3340708139939,1100,1,,
42.6981726868285,23.378653666018,110,1,,
42.7056723923893,23.3438178759786,1100,2,,
42.7101345066467,23.3854565535837,1100,3,,
42.7047085415098,23.3348607231947,1100,1,,
42.7086473989443,23.3802251375796,1100,3,,
42.7065846415981,23.3377609275708,1100,1,,
42.7052209182898,23.3374786698279,1100,1,,
42.7032902974756,23.3447041782656,1100,1,,
42.7082636263261,23.3860195255048,1100,3,,
42.7071557994637,23.3420044881079,1100,2,,
42.7056979659831,23.3420410741417,1100,2,,
42.705843262197,23.3427991930697,1100,1,,
42.7074519653684,23.3416481416371,1100,1,,
42.7052276863382,23.3439821529885,1100,1,,
42.7050561397273,23.345585733094,1100,3,,
42.6986382668214,23.3781220360269,110,2,,
42.7056689116432,23.3449271913343,1100,6,,
42.6998912667833,23.3710344961757,1100,3,,
42.704508884623,23.3446690083233,1100,1,,
42.7102001670845,23.3813510031075,1100,3,,
42.7071110516043,23.3399418764211,1100,1,,
42.7093714891361,23.3783273931512,1100,4,,
42.7077223813034,23.3407827649763,1100,2,,
42.7062752029029,23.340764411076,1100,2,,
42.6986609368215,23.3782454160241,240,3,,
42.7070727028701,23.3410332264044,1100,3,,
42.6989799567938,23.3710380761812,1100,2,,
42.7080540947147,23.3386441578393,1100,4,,
42.7073988564375,23.3404761388829,1100,1,,
42.7020619866339,23.3591921306909,1100,1,,
42.7016174900028,23.3587675205247,1100,5,,
42.7029562418931,23.3588059282376,1100,5,,
42.7092945278805,23.3720567836264,1100,1,,
42.7042362372646,23.3584179277278,1100,5,,
42.7192195399765,23.3602827731924,1100,1,ДОБРО,
42.7059555738334,23.3581611354452,1100,2,,
42.7073558270794,23.3619741465763,1100,2,,
42.7073791374203,23.3584233851334,1100,1,,
42.7067576808349,23.3586623390442,1100,3,,
42.7104066548359,23.3685155234742,1100,2,ДОБРО,
42.7067111121694,23.3598748928164,1100,1,,
42.7064399389256,23.360609413482,1100,1,,
42.7108229094561,23.3884506383192,1100,1,ДОБРО,
42.7062802407001,23.3601940482787,1100,1,,
42.7061523951638,23.35974589605,1100,1,,
42.7040243167888,23.3868902958003,1100,2,,
42.7060187147738,23.3671833781051,1100,3,,
42.7062591368036,23.3989831855195,1100,1,,
42.7064139543977,23.3681166867432,1100,4,,
42.6988334015253,23.3590156496423,1100,1,ДОБРО,
42.7125273385612,23.3696038405664,1100,4,,
42.700515487713,23.3590611946136,1100,3,,
42.6995030515159,23.36306562358,1100,4,,
42.6994333282846,23.3617232106206,1100,1,,
42.701800328329,23.3600623438539,1100,2,,
42.7048407694036,23.3671101374421,1100,5,,
42.7047543351469,23.3666392067281,1100,3,,
42.70344961221,23.3648146707042,1100,1,,
42.7030192431835,23.3643393152601,1100,3,,
42.7055801190989,23.3663559402918,1100,2,,
42.6955856921712,23.3636642824617,1100,1,ДОБРО,
42.7068536253355,23.38229751557,1100,2,,
42.7015070066516,23.352136101288,1100,4,,
42.7108298398001,23.3764568031788,1100,3,,
42.7034619829509,23.3521965676238,1100,3,,
42.7009154148412,23.3520027688178,1100,1,,
42.6991890820892,23.3520127458018,1100,1,,
42.6994823971431,23.3518244293297,1100,1,,
42.7098125913744,23.3795776838367,1100,3,,
42.6992749637667,23.3525120919684,1100,1,,
42.7136674067488,23.3797589511266,1100,2,,
42.6991970723526,23.3533325309766,1100,2,,
42.7126462599423,23.382410346934,1100,2,,
42.7040585129148,23.3532274388337,1100,3,,
42.7010361276428,23.3530581995701,1100,1,,
42.7044156997033,23.3869222824888,1100,2,ДОБРО,
42.7003915046676,23.3530103048525,1100,2,,
42.713527411179,23.3829369358707,1100,2,,
42.7055171707275,23.3504221815023,1100,2,,
42.7074692748415,23.3507202766356,1100,3,,
42.7161879634789,23.3783836024197,1100,2,,
42.7070339924398,23.3511588571685,1100,2,,
42.7149976714697,23.3792307651924,1100,1,,
42.7058269930504,23.3513617813595,1100,3,,
42.7098815494508,23.351799685643,1100,3,,
42.7097690406791,23.3521395012252,1100,2,,
42.709023459813,23.3520676634256,1100,3,,
42.7133316180588,23.3495580204452,1100,1,,
42.7127346042911,23.3487474024608,1100,2,,
42.7129517550776,23.3491079684668,1100,1,,
42.713514339724,23.3498141159673,1100,1,,
42.7012735895776,23.358817865266,1100,2,ДОБРО,
42.7138530444291,23.3518358271458,1100,2,,
42.7110774961241,23.3844040858612,1100,2,,
42.7043512329357,23.3511520669493,1100,3,,
42.7070513974661,23.3758315194991,1100,1,,
42.7033248992505,23.351183322225,1100,2,,
42.7087261266989,23.3767587061159,1100,5,,
42.7031059362128,23.3513210853715,1100,2,,
42.6995160167768,23.3677899062497,1100,1,,
42.7026712743985,23.350554818288,1100,1,,
42.7015042222127,23.3511519504325,1100,5,,
42.7111086810575,23.3785709959101,1100,1,,
42.7044151398182,23.3526235454705,1100,2,,
42.7117019479815,23.3753703390788,1100,2,,
42.7051489655632,23.352671115472,1100,2,,
42.7134955579271,23.3754982793541,1100,2,,
42.7053488668563,23.3521405389357,1100,2,,
42.70060001695,23.3514346964762,1100,3,,
42.699790683647,23.3506143349574,1100,2,,
42.6984867668165,23.3761561460713,1100,1,,
42.7009708853926,23.3492785446473,1100,1,,
42.7133476882279,23.3811313235465,1100,2,,
42.6995877193222,23.3512244009059,1100,1,ДОБРО,
42.7099648906449,23.3626968526094,1100,4,,
42.7151726627285,23.3612973680451,1100,1,,
42.7148653820269,23.3611071728128,1100,2,,
42.7037764279043,23.3832953961184,1100,2,ДОБРО,
42.7134293496239,23.3844647383094,1100,2,,
42.7141498066613,23.3613660083421,1100,1,,
42.71537367793,23.3604303112829,1100,1,ДОБРО,
42.7161169963198,23.3593244622506,1100,2,,
42.7078277089597,23.3547038141246,1100,1,ДОБРО,
42.7147000887459,23.3584831153524,1100,2,,
42.7128142530469,23.364602403847,1100,1,ДОБРО,
42.7138935285447,23.3572106098955,1100,1,,
42.7119170133642,23.358570013563,1100,2,ДОБРО,
42.7144517285696,23.3581071883876,1100,1,,
42.7191624922804,23.3584293461602,1100,1,,
42.7080755819712,23.3570100021272,1100,2,,
42.7081507075757,23.3610875435581,1100,3,,
42.7081143788378,23.3559304640385,1100,2,,
42.7073666427733,23.3604050004903,1100,1,ДОБРО,
42.7080429946879,23.3576979311461,1100,2,,
42.7102852034639,23.3551999211712,1100,1,ДОБРО,
42.7085017385801,23.3592090639934,1100,3,,
42.7130502081065,23.3554979593559,1100,1,,
42.7107403531521,23.3592679941265,1100,2,ДОБРО,
42.7120641970333,23.3553962042391,1100,1,,
42.7130806857184,23.3566471963666,1100,1,ДОБРО,
42.7114198288068,23.3565150463358,1100,1,,
42.7237306261572,23.3555549886167,1100,3,,
42.7235341531962,23.3551420368111,1100,4,,
42.7226643025284,23.3536932716435,1100,1,,
42.7218716946173,23.3538451448701,1100,2,ДОБРО,
42.7112989649918,23.361864073998,1100,1,,
42.7140466013968,23.3873790449408,1100,2,,
42.7130208897665,23.3623281392204,1100,1,,
42.709650962974,23.3591833291751,1100,1,,
42.7125821645791,23.3705773333701,1100,1,ДОБРО,
42.7104024784778,23.3548541437204,1100,2,ДОБРО,
42.7089536604073,23.3534040993048,1100,2,,
42.7127501046975,23.3712681532653,1100,2,ДОБРО,
42.7125090348025,23.3701092802092,1100,1,ДОБРО,
42.7073696615025,23.348096387815,1100,2,,
42.7067721911044,23.3490045743709,1100,1,,
42.7072067970106,23.3490431849304,1100,2,,
42.7076183339479,23.3490949631594,1100,2,,
42.713106077199,23.386510565127,1100,1,,
42.7051851816392,23.3468886355143,1100,4,,
42.7140577240189,23.3866659343973,1100,1,,
42.70380654941,23.3464608369557,1100,2,,
42.7139046180191,23.3886441136555,1100,1,,
42.704317998222,23.3466720739389,1100,2,,
42.6984004468148,23.3753354060899,110,2,,
42.7038399747539,23.3471965553376,1100,2,,
42.7000710567949,23.3751156560845,1100,3,,
42.7026804714354,23.347305977244,1100,2,,
42.7112888825444,23.3886040118518,1100,1,,
42.7066828689309,23.3474548367351,1100,3,,
42.7061435400358,23.3479956802733,1100,1,,
42.6989753267985,23.3724285961506,110,4,,
42.7074008644091,23.347073415347,1100,3,,
42.7104770627223,23.3476552118323,1100,3,,
42.7047547293193,23.3477528751775,1100,3,,
42.6981657868286,23.3786643960179,240,2,,
42.7082579546017,23.346896198724,1100,2,,
42.697963456806,23.3711921561841,1100,3,,
42.7099789010415,23.3475031130314,1100,2,,
42.7095995669796,23.3464741184967,1100,2,,
42.7102877209667,23.3831971811967,1100,3,,
42.7060541189226,23.3858661847078,1100,2,ДОБРО,
42.7033902835077,23.3494108500955,1100,2,,
42.7103292376283,23.3828105280546,1100,2,,
42.7032417866467,23.3501216405019,1100,1,,
42.7053972976098,23.3498156941931,1100,2,,
42.6977657368339,23.3788690860158,1100,2,,
42.7049222934491,23.3497650387059,1100,2,,
42.6977552668333,23.37867911602,110,2,,
42.7042650256348,23.3496388525983,1100,2,,
42.6980873368296,23.3786831160179,110,1,,
42.7037618577897,23.3495610106676,1100,2,,
42.7057180123378,23.3488185915967,1100,3,,
42.6985836968233,23.3785316260182,110,2,,
42.7055009951873,23.3487795635468,1100,3,,
42.6985028768243,23.3785490660183,110,3,,
42.7051042919025,23.3487967156372,1100,2,,
42.6985186468242,23.3785571060181,240,2,,
42.703944383428,23.3485528761769,1100,2,,
42.699324346814,23.3782783360193,110,2,,
42.7034610102855,23.3484414734298,1100,2,,
42.7029974973779,23.3482999621295,1100,1,,
42.7033082151825,23.3692960366876,1100,3,,
42.7028710652651,23.3677289055766,1100,3,,
42.7016568167737,23.3742314460943,1100,3,,
42.7020848167579,23.3678674529569,1100,1,,
42.7023617076712,23.3676397474545,1100,2,,
42.7015156164466,23.3720981178991,1100,3,,
42.701516646174,23.3700920665437,1100,3,,
42.7016326385739,23.3696017430481,1100,2,,
42.7033168340963,23.3446618759629,1100,2,ДОБРО,
42.7020032067982,23.3827726959036,1100,1,,
42.7102629652386,23.3610532401324,1100,3,ДОБРО,
42.701509698322,23.3682766766893,1100,2,,
42.7034612639446,23.3439961261719,1100,1,ДОБРО,
42.7014946332028,23.3667125326901,1100,1,,
42.7042945367838,23.3863130958113,1100,1,,
42.7026756994117,23.3665231291662,1100,2,,
42.7027719992099,23.367145350528,1100,1,,
42.703484526752,23.3739980060883,1100,3,,
42.702136957876,23.3629284427574,1100,1,,
42.7056989467352,23.376609966017,1100,1,,
42.7023128090524,23.3634589755366,1100,3,,
42.7020002900912,23.3655751113955,1100,3,,
42.7017098750281,23.360428192518,1100,3,,
42.7008263799231,23.3612442990246,1100,3,,
42.7000634791279,23.3605193128862,1100,3,,
42.7005950970126,23.3640388140012,1100,3,,
42.7017015448194,23.3641626020667,1100,3,,
42.6999030628487,23.3598128454017,1100,1,ДОБРО,
42.7016092819829,23.3633570655007,1100,2,ДОБРО,
42.6985910068219,23.3781261860271,110,2,,
42.700909162252,23.3621815328164,1100,2,ДОБРО,
42.7077674672084,23.3423416771594,1100,2,,
42.703858316757,23.3768125960238,1100,1,,
42.7001879774586,23.3639766084284,1100,3,,
42.7042198967795,23.3847749858458,1100,1,,
42.7006712674396,23.3650435276581,1100,3,,
42.7043944367794,23.3853540958319,1100,2,,
42.700691446173,23.3665382445511,1100,2,,
42.7021953967673,23.3741584660926,1100,2,,
42.7006600059729,23.3680728045094,1100,3,,
42.7026245167621,23.3740644560921,1100,2,,
42.7002706379782,23.3660836030447,1100,3,,
42.6993081347672,23.355315692625,1100,3,ДОБРО,
42.7037059118737,23.3722180114124,1100,4,,
42.7053393167741,23.3870173557894,1100,3,,
42.7018535777819,23.3714625549919,1100,3,,
42.7033354268528,23.366028369314,1100,3,,
42.7020489982875,23.3617717982054,1100,3,,
42.7020208383835,23.3621673419486,1100,1,ДОБРО,
42.7079206133683,23.3619840481149,1100,2,ДОБРО,
42.7039779593871,23.3596152674057,1100,3,ДОБРО,
42.7043570599036,23.3599693392426,1100,1,,
42.7097455790727,23.3725456886027,1100,1,ДОБРО,
42.7042005566179,23.3639307637515,1100,1,ДОБРО,
42.7049796679242,23.3617616205859,1100,2,,
42.7048809325009,23.361284353733,1100,1,ДОБРО,
42.7045735536166,23.3622323369446,1100,1,,
42.7047019028786,23.3607414973484,1100,1,ДОБРО,
42.7085403032627,23.3634014296077,1100,2,,
42.7084776335151,23.3611578420807,1100,1,ДОБРО,
42.708601237612,23.3821293926409,1100,2,,
42.7081200433357,23.3372071708125,1100,2,,
42.7083127272913,23.3385405544114,1100,2,,
42.709572849142,23.3803213685332,1100,2,,
42.7083592667561,23.3413946385315,1100,2,,
42.698198886817,23.3753240060914,110,3,,
42.7085067933561,23.3422939699475,1100,1,,
42.6975332168311,23.3772280460534,1100,1,,
42.7083607122445,23.3450605165172,1100,3,,
42.7084686137217,23.3473714697961,1100,3,ДОБРО,
42.7092817217067,23.3684901102703,1100,1,,
42.7093900920552,23.3776065995873,1100,1,,
42.7092471145778,23.3731181304289,1100,1,ДОБРО,
42.706493307114,23.3432371465257,1100,4,,
42.7096825970944,23.386132476332,1100,3,,
42.7092349402412,23.3835324567765,1100,2,,
42.7093712246305,23.3880272269264,1100,3,,
42.7091731121086,23.3862047193722,1100,2,ДОБРО,
42.7090466980777,23.3841328566806,1100,5,ДОБРО,
42.7072127752155,23.3715033665759,1100,1,,
42.7133549555863,23.3818213497832,1100,2,,
42.7083598974019,23.3513046561617,1100,4,,
42.7093779315968,23.3558375641953,1100,1,ДОБРО,
42.7084438218826,23.3539458850125,1100,2,,
42.708614789057,23.3599884172153,1100,2,,
42.7087069336116,23.3584887870668,1100,2,ДОБРО,
42.7077460755296,23.3699529001894,1100,2,ДОБРО,
42.708716613334,23.356935604451,1100,2,ДОБРО,
42.708344367824,23.3495902628383,1100,2,,
42.7084520018077,23.3481954692169,1100,2,,
42.7079159439028,23.3482607099605,1100,2,,
42.7080797955767,23.3491601397268,1100,2,,
42.7088006784521,23.3505507757199,1100,2,,
42.7143764260908,23.3746139666447,1100,2,,
42.7068356707677,23.3529123463608,1100,2,,
42.7157310573474,23.3788518352922,1100,2,,
42.7061110549306,23.3526096977655,1100,3,,
42.7148553411007,23.378524264872,1100,2,,
42.7057045915425,23.3524573720849,1100,1,,
42.7068927953017,23.3461441233715,1100,2,,
42.7066331679682,23.3436836568585,1100,2,,
42.7154225761834,23.3757406182468,1100,5,,
42.7075352293464,23.3525889937268,1100,2,,
42.7160910926369,23.3768052917086,1100,3,,
42.7069936285264,23.3520880712713,1100,3,,
42.7073695035333,23.3572576081518,1100,1,,
42.7074126637435,23.3540592213338,1100,3,ДОБРО,
42.7003136167826,23.3722683061459,1100,3,,
42.7080256815226,23.3433990648957,1100,3,,
42.7080662844133,23.3443650579753,1100,2,,
42.7074781525965,23.3461721940496,1100,2,,
42.7072297837769,23.3443589835348,1100,2,,
42.7082275609487,23.3856332156583,1100,2,ДОБРО,
42.7068425526866,23.3611676484325,1100,2,,
42.7076844221086,23.3632533218448,1100,1,,
42.707708862636,23.359199387371,1100,2,ДОБРО,
42.712724846037,23.384463409164,1100,1,,
42.7101284298818,23.350244978383,1100,4,,
42.7108884803309,23.350970943323,1100,2,,
42.7111820727137,23.3515514350753,1100,1,,
42.7111723705724,23.3534504718166,1100,2,ДОБРО,
42.7104797381989,23.3552515348486,1100,1,,
42.7104383127725,23.3527188393699,1100,3,,
42.7101308991174,23.3462128032933,1100,1,,
42.7097257007814,23.3533408834462,1100,2,,
42.7095592058089,23.3537357893318,1100,2,,
42.7094078339599,23.3458277374742,1100,2,,
42.7098053573084,23.3611511816592,1100,4,ДОБРО,
42.7079657619584,23.3800212619338,1100,2,ДОБРО,
42.7098273007964,23.3579070795883,1100,2,,
42.7105252992265,23.3556577029289,1100,1,,
42.7105427789917,23.3560580644199,1100,1,,
42.7109141905948,23.3769301863481,1100,1,,
42.7107785572193,23.3707850603839,1100,1,ДОБРО,
42.709883830236,23.3598013720462,1100,1,ДОБРО,
42.7110626323177,23.3704980021254,1100,1,,
42.7111599561916,23.3855159687319,1100,1,,
42.7097759211188,23.3553827647488,1100,2,,
42.7102128669667,23.3813739437385,1100,1,,
42.7081354674463,23.3688166804658,1100,1,ДОБРО,
42.7103586532978,23.358657672247,1100,2,,
42.7098291006494,23.3607073281469,1100,1,ДОБРО,
42.7102472203396,23.3591994784628,1100,2,,
42.7107361808218,23.3600118518402,1100,2,ДОБРО,
42.7047023155767,23.3703977068592,1100,4,,
42.7047468966438,23.3684696844317,1100,3,,
42.7044149994318,23.368676624692,1100,2,,
42.7039075040326,23.3689830335881,1100,3,,
42.7042142701927,23.3668764353766,1100,3,,
42.7060327867403,23.3792933859557,1100,1,,
42.7037582223313,23.3653869842771,1100,2,,
42.7041607217047,23.3594090380846,1100,1,,
42.7052352103001,23.364786125678,1100,3,,
42.7080731267816,23.3986632755154,1100,1,,
42.707302030218,23.3658575656828,1100,1,,
42.7073981732846,23.3768871061414,1100,1,,
42.7071363666486,23.3696879372767,1100,2,,
42.70705742453,23.3717875976964,1100,2,,
42.7071082970006,23.3721619078716,1100,1,,
42.7037739767932,23.375295648656,1100,1,ДОБРО,
42.7094582209505,23.3635013594637,1100,2,,
42.706118596805,23.3989514855211,1100,1,,
42.7078614889842,23.3670805125437,1100,3,,
42.7078144871326,23.369289136582,1100,2,,
42.6984327868265,23.3789533860098,1100,3,,
42.7065720048254,23.3700257206513,1100,1,,
42.6975679768374,23.3792530960085,1100,2,,
42.7063312545457,23.3701914635209,1100,2,,
42.7075717867867,23.3984658755228,1100,1,,
42.7058859246559,23.3658385413167,1100,1,,
42.7071118478279,23.378323170891,1100,1,,
42.7076166789259,23.3834037487492,1100,2,,
42.7074764571815,23.3797754891655,1100,1,,
42.7081752598629,23.3725160625447,1100,2,,
42.7064345029862,23.373542012617,1100,1,ДОБРО,
42.7080723426897,23.3836805131549,1100,2,,
42.7095719206012,23.3389952432488,1100,2,,
42.7083889248729,23.3828586079867,1100,2,,
42.7064674978599,23.3933893044918,1100,9,ДОБРО,
42.7086998469864,23.3788475255859,1100,3,,
42.7086287615525,23.3798347190633,1100,1,,
42.7090771067541,23.3938562356154,1100,1,,
42.7087326940261,23.3879352680255,1100,1,ДОБРО,
42.7143289067751,23.3847740091537,1100,3,,
42.7092785600268,23.3603514519267,1100,2,,
42.709366120074,23.3639731994228,1100,1,,
42.7090441850549,23.3432089173536,1100,1,,
42.70893037712,23.3492709982915,1100,3,,
42.7089257232539,23.354526780678,1100,1,,
42.7087213365882,23.343586547595,1100,1,,
42.7088865580874,23.3456016766947,1100,3,,
42.7090811529987,23.3611389024667,1100,1,ДОБРО,
42.6988939367994,23.3724079761515,110,3,,
42.7098035853191,23.3487494355742,1100,3,,
42.709825142369,23.3460470649304,1100,2,,
42.7103374297809,23.3771732588934,1100,1,,
42.7099058653062,23.3870577178047,1100,2,,
42.7095678368834,23.3569486117053,1100,5,ДОБРО,
42.7098025484106,23.3720930769941,1100,2,ДОБРО,
42.7100800589907,23.3652308920657,1100,1,,
42.7102710232952,23.3704462907118,1100,3,,
42.7098411752588,23.3602632585459,1100,1,ДОБРО,
42.712208848529,23.3800111768166,1100,3,,
42.7108595775935,23.3802017100016,1100,1,,
42.7108307956667,23.3802060921784,1100,1,,
42.7119586680548,23.3808688336432,1100,3,,
42.7114081759902,23.3804161832541,1100,1,,
42.7122758008399,23.3843608061266,1100,1,,
42.711908153321,23.3825056251155,1100,1,ДОБРО,
42.7141963485286,23.3853993530926,1100,2,,
42.7125341332374,23.3896944870978,1100,2,,
42.711383368427,23.3855182133347,1100,2,,
42.7133853201456,23.3796376204789,1100,3,,
42.7149977504637,23.3792519230095,1100,1,,
42.6991483268066,23.3754440560829,110,5,,
42.6996870468006,23.3755229160779,110,4,,
42.6995893868016,23.3754742260796,110,2,,
42.6988718568096,23.3753991260856,110,4,,
42.6987176068113,23.3753877260868,110,4,,
42.6986025268125,23.3753588460882,110,3,,
42.7018096047773,23.370511252982,1100,1,ДОБРО,
42.7009647713968,23.3727459743833,1100,1,ДОБРО,
42.700383016793,23.3756348660711,110,3,,
42.7002783167941,23.3755975060726,110,2,,
42.7000223367968,23.3755207660759,110,2,,
42.6993148968047,23.3754460660819,110,3,,
42.6992124768154,23.3783091760193,110,2,,
42.6991808368159,23.3783356860189,110,3,,
42.6989471668188,23.3784083560187,110,2,,
42.69884959682,23.3784351860187,110,3,,
42.6996304368203,23.3812081059527,1100,2,,
42.6994728068265,23.3825364259243,1100,6,,
42.6997652968154,23.3801925459743,1100,3,,
42.7019963267972,23.3824315659112,1100,1,,
42.7012052867995,23.3804052559608,1100,1,,
42.7012884668001,23.3808536459504,1100,2,,
42.7008083368096,23.3820551859268,1100,1,,
42.7007938968088,23.381778215933,1100,1,,
42.7018659532665,23.3818163518379,1100,1,ДОБРО,
42.7017561257875,23.3812146880131,1100,1,ДОБРО,
42.7000684368307,23.3858494858475,1100,1,,
42.7024448068006,23.3849996558517,1100,3,,
42.7017005168068,23.3842985058718,1100,2,,
42.6999646468246,23.3836442658969,1100,2,,
42.7007001177491,23.3845735634785,1100,2,ДОБРО,
42.7013525867939,23.3792402559856,1100,1,,
42.702432866786,23.3805700159496,1100,1,,
42.7025037867816,23.3795193659724,1100,1,,
42.7011966017052,23.3781158290301,1100,2,ДОБРО,
42.700682646789,23.3754564360732,110,2,,
42.702537056771,23.3764582860397,1100,2,,
42.7017598967771,23.3755984060635,1100,3,,
42.7028701767633,23.375266516064,1100,2,,
42.7037693267744,23.3817131259161,1100,2,,
42.7034436767685,23.3788121259822,1100,3,,
42.7035059767777,23.381794135916,1100,1,,
42.7032336467678,23.377885576004,1100,1,,
42.698026146811,23.3729108861457,1100,1,,
42.6979742768079,23.3718009361706,1100,2,,
42.6977778667899,23.365719996306,1100,1,,
42.6976728068032,23.3693674162262,1100,1,,
42.6975006367969,23.3668753762822,1100,2,,
42.6975061667862,23.3636837363527,1100,2,,
42.6974677853975,23.3556930315481,1100,2,ДОБРО,
42.6987369567913,23.3694595762176,1100,3,,
42.6986632367962,23.3706595761915,1100,2,,
42.6982911067835,23.3655898663058,1100,1,,
42.6981965967812,23.3645590563291,1100,2,,
42.6962636268164,23.3684600262548,1100,2,,
42.6973405968116,23.3707373261979,1100,1,,
42.6969454468025,23.3666395062908,1100,1,,
42.6972255167964,23.3657696363083,1100,2,,
42.6973937968063,23.3693089162292,1100,1,,
42.6987604167834,23.3671536262684,1100,2,,
42.6988841467845,23.3679123062509,1100,3,,
42.6980490567763,23.3625817563737,1100,2,,
42.6987641646866,23.3604966350364,1100,2,ДОБРО,
42.6968640868322,23.375261736101,1100,3,,
42.6979037968203,23.3752806460942,110,3,,
42.6978320268211,23.3752745960947,110,4,,
42.6920863468875,23.3753923561274,1100,4,,
42.6983811568121,23.3744528761095,1100,1,,
42.6981364368177,23.3752996960923,1100,1,,
42.6984098668089,23.3735898461284,1100,1,,
42.6971123168211,23.3727805361542,110,3,,
42.6975776868166,23.3730610961452,1100,1,,
42.696962006823,23.3728509461536,110,2,,
42.6967446668259,23.3729709661523,1100,1,,
42.6968326668248,23.3729291261527,110,2,,
42.6963602368313,23.3732756661479,110,2,,
42.6967004668283,23.3735304761402,1100,1,,
42.6963011168324,23.3733919761457,1100,1,,
42.696239986833,23.3733554561469,110,2,,
42.6955254368406,23.3731624561555,240,1,,
42.6952972568418,23.3727537561659,1100,1,,
42.6956376668401,23.3734124561493,1100,1,,
42.6957060868392,23.3733928261493,110,3,,
42.6957593068389,23.3734578761476,110,1,,
42.6928812868751,23.3744063561443,1100,3,,
42.6943473468528,23.372790556171,1100,1,,
42.693387996867,23.3737277961561,1100,1,,
42.6947527268486,23.372902166166,1100,1,,
42.696092136835,23.3734540261456,110,2,,
42.6920815768874,23.3753566061282,1100,5,,
42.6962477984722,23.3789163309838,1100,1,ДОБРО,
